timestamp	subject_id	compound_id	odor_name	replicate_label	intensity_label	dilution	INTENSITY/STRENGTH	VALENCE/PLEASANTNESS	BAKERY	SWEET	FRUIT	FISH	GARLIC	SPICES	COLD	SOUR	BURNT	ACID	WARM	MUSKY	SWEATY	AMMONIA/URINOUS	DECAYED	WOOD	GRASS	FLOWER	CHEMICAL
2015-06-01T00:00:00Z	synapse-subject-1	126	4-Hydroxybenzaldehyde		low	1/1,000	7	62	0	0	0	0	0	0	0	0	0	0	0	0	21	0	0	0	0	0	0
2015-06-01T00:00:01Z	synapse-subject-1	126	4-Hydroxybenzaldehyde		high	1/10	37	60	0	72	0	0	0	0	0	0	0	0	0	0	0	0	0	0	0	0	0
2015-06-01T00:00:02Z	synapse-subject-2	126	4-Hydroxybenzaldehyde		low	1/1,000	55	89	0	33	1	0	0	3	0	0	0	0	0	0	0	0	0	0	0	0	5
2015-06-01T00:00:03Z	synapse-subject-2	126	4-Hydroxybenzaldehyde		high	1/10	64	71	0	9	2	0	0	11	0	0	0	0	0	0	0	0	0	0	0	0	7
2015-06-01T00:00:04Z	synapse-subject-3	126	4-Hydroxybenzaldehyde		low	1/1,000	89	68	0	62	0	0	0	35	0	0	0	0	62	0	0	0	0	0	0	0	0
2015-06-01T00:00:05Z	synapse-subject-3	126	4-Hydroxybenzaldehyde		high	1/10	0																				
2015-06-01T00:00:06Z	synapse-subject-4	126	4-Hydroxybenzaldehyde		low	1/1,000	29	90	0	0	0	0	0	0	0	0	0	0	0	0	0	0	0	0	0	88	0
2015-06-01T00:00:07Z	synapse-subject-4	126	4-Hydroxybenzaldehyde		high	1/10	100	90	0	0	0	0	0	0	0	0	0	0	0	0	0	0	0	0	0	92	0
2015-06-01T00:00:08Z	synapse-subject-5	126	4-Hydroxybenzaldehyde		low	1/1,000	0																				
2015-06-01T00:00:09Z	synapse-subject-5	126	4-Hydroxybenzaldehyde		high	1/10	58	58	0	0	0	0	0	0	0	0	0	0	0	0	0	0	0	0	0	0	0
2015-06-01T00:00:10Z	synapse-subject-6	126	4-Hydroxybenzaldehyde		low	1/1,000	0																				
2015-06-01T00:00:11Z	synapse-subject-6	126	4-Hydroxybenzaldehyde		high	1/10	0	49	0	0	0	0	0	0	0	26	0	0	0	37	0	31	0	0	0	0	0
2015-06-01T00:00:12Z	synapse-subject-7	126	4-Hydroxybenzaldehyde		low	1/1,000	6	0	0	0	0	0	0	0	0	38	0	0	0	37	0	0	49	0	0	0	0
2015-06-01T00:00:13Z	synapse-subject-7	126	4-Hydroxybenzaldehyde		high	1/10	18	11	0	0	0	0	0	0	0	14	0	0	0	0	0	0	0	0	0	8	24
2015-06-01T00:00:14Z	synapse-subject-8	126	4-Hydroxybenzaldehyde		low	1/1,000	46	47	0	0	0	0	0	0	0	0	0	0	0	0	0	0	3	0	0	0	13
2015-06-01T00:00:15Z	synapse-subject-8	126	4-Hydroxybenzaldehyde		high	1/10	51	63	0	0	0	0	0	0	0	0	0	0	0	0	0	0	0	0	0	0	0
2015-06-01T00:00:16Z	synapse-subject-9	126	4-Hydroxybenzaldehyde		low	1/1,000	0																				
2015-06-01T00:00:17Z	synapse-subject-9	126	4-Hydroxybenzaldehyde		high	1/10	100	58	0	11	0	0	0	0	0	0	0	0	23	0	0	0	0	0	0	26	0
2015-06-01T00:00:18Z	synapse-subject-10	126	4-Hydroxybenzaldehyde		low	1/1,000	66	45	0	0	0	0	0	0	0	0	0	17	5	0	0	0	0	0	0	0	93
2015-06-01T00:00:19Z	synapse-subject-10	126	4-Hydroxybenzaldehyde		high	1/10	6	49	0	0	0	0	0	0	0	0	0	21	0	0	0	0	0	0	0	0	0
